eta, lambda, accuracy, cost
1.099213e-01, 1.591922e-14, 5.444555e+01, 1.348196e+00
9.353371e-02, 1.857539e-12, 5.454545e+01, 1.333234e+00
9.189513e-02, 1.287525e-08, 5.454545e+01, 1.341914e+00
1.042203e-01, 4.401982e-12, 5.464535e+01, 1.387249e+00
9.517717e-02, 4.009366e-09, 5.524476e+01, 1.323682e+00
1.047042e-01, 1.142718e-05, 5.524476e+01, 1.350019e+00
